word,category
Peavey speakers,ACTUATOR
Iseebiz Automatic Pet Feeder,ACTUATOR
Iwaki MD Magnetic Drive Pump,ACTUATOR
TiMOTION TA43 linear actuator,ACTUATOR
JBL Control Contractor Speakers,ACTUATOR
JBL Link Portable,ACTUATOR
Thomson Electrak HD linear actuator,ACTUATOR
JVL MAC141 integrated servo motor,ACTUATOR
Jackson Electromagnetic Door Release,ACTUATOR
Jameco Electronics Solenoids,ACTUATOR
Johnson Electric Q10 solenoid,ACTUATOR
KOOKYE Robot Arm Kit,ACTUATOR
Kaba E-plex 5031 Electric Strike,ACTUATOR
Tempco Electric Heater Corporation Cartridge Heater,ACTUATOR
Kendrion Kuhnke Automation solenoids,ACTUATOR
Kenmore Smart Refrigerator,ACTUATOR
Keurig K-Elite Single Serve Coffee Maker,ACTUATOR
Keyestudio Desktop Robotic Arm,ACTUATOR
Kidde RemoteLync Smoke Alarm,ACTUATOR
KitchenAid Smart Oven,ACTUATOR
Tineco iFLOOR3 Cordless Wet Dry Vacuum Cleaner,ACTUATOR
KitchenAid Smart Refrigerator,ACTUATOR
Intertec Components solenoids,ACTUATOR
Insignia 43-Inch 4K UHD Smart Fire TV,ACTUATOR
IKEA TRÅDFRI LED bulbs,ACTUATOR
ILIFE V3s Pro Robot Vacuum,ACTUATOR
IMI Sensors Industrial Electromagnet,ACTUATOR
UCTRONICS 0.96 Inch OLED Module,ACTUATOR
Tutco SureHeat Ceramic Heater,ACTUATOR
Tutco Quartz Tube Heater,ACTUATOR
Tsurumi LB Submersible Pump,ACTUATOR
Trossen Robotics PhantomX Pincher,ACTUATOR
Trombetta P613-A1V12 solenoid,ACTUATOR
Trine Access 3000 Series Electric Strike,ACTUATOR
Trinamic PD42-x-1670 motor,ACTUATOR
Trellis Smart Garden,ACTUATOR
Igloohome Smart Deadbolt 2S,ACTUATOR
"Industrial Magnetics, Inc. Solenoids",ACTUATOR
Tovala Smart Oven,ACTUATOR
Tolomatic IMA-S integrated motor rod actuator,ACTUATOR
Tolomatic ERD electric rod actuator,ACTUATOR
InnoGear Essential Oil Diffuser and Humidifier,ACTUATOR
Inofia 30 Pint Dehumidifier,ACTUATOR
Insignia Voice-Activated Smart Fan,ACTUATOR
Knowles Acoustics micro speakers,ACTUATOR
Kollmorgen AKM2G series synchronous servo motor,ACTUATOR
Kryptonite Evolution Mini-7 Bike Lock,ACTUATOR
TP-Link Archer AX6000,ACTUATOR
TOSOT Energy Star Dehumidifier,ACTUATOR
TLX Technologies Linear Solenoids,ACTUATOR
TESA 5000 Electric Strike,ACTUATOR
TE Connectivity OJ-SH-112LMH Relay,ACTUATOR
TDK micro speakers,ACTUATOR
TCL 6-Series 4K TV,ACTUATOR
Synology RT2600ac,ACTUATOR
Lasko Wind Curve Tower Fan,ACTUATOR
Lau Industry Regenerative Turbine Pump,ACTUATOR
Ledex DSC Series solenoid,ACTUATOR
Legrand Smart Tru-Universal Dimmer,ACTUATOR
Lenovo Smart Clock Essential,ACTUATOR
Level Lock Touch Edition,ACTUATOR
Leviton Decora Smart WiFi Switch,ACTUATOR
Levoit Smart Air Purifier,ACTUATOR
Levoit Smart WiFi Humidifier,ACTUATOR
Lewansoul LeArm,ACTUATOR
Liberty Pumps LE41A 4/10HP Submersible Sewage Ejector Pump,ACTUATOR
TP-Link Kasa LED light bulbs,ACTUATOR
TP-Link Kasa Smart Wi-Fi Light Bulb,ACTUATOR
TP-Link Kasa Smart Wi-Fi Light Switch,ACTUATOR
TP-Link Kasa Smart Wi-Fi Plug,ACTUATOR
Kuman Capacitive Touch Switch Module,ACTUATOR
Tefal Smart Kettle,ACTUATOR
Kwikset Premis Touchscreen Smart Lock,ACTUATOR
TaoTronics Cool Mist Humidifier,ACTUATOR
Tang Band Full Range Speakers,ACTUATOR
LED lights,ACTUATOR
LG C1 OLED TV,ACTUATOR
LG Energy Star PuriCare 50-Pint Dehumidifier,ACTUATOR
LG PuriCare 360-Degree Air Purifier,ACTUATOR
Hunter Apache Smart Ceiling Fan,ACTUATOR
LG Smart Dishwasher,ACTUATOR
LG Smart Oven,ACTUATOR
LG Smart ThinQ Dishwasher,ACTUATOR
Taco 007e-F2 ECM High-Efficiency Circulator Pump,ACTUATOR
LIFX A60 Smart Bulb,ACTUATOR
LIFX Mini Smart LED Light Bulb,ACTUATOR
LIFX Tile LED light panels,ACTUATOR
LINAK LA36 electric linear actuator,ACTUATOR
LINKA Smart Bike Lock,ACTUATOR
TPI Corporation OCH-Series Infrared Heater,ACTUATOR
LG Smart InstaView Door-in-Door Refrigerator,ACTUATOR
LiftMaster 8500W Jackshaft Garage Door Opener,ACTUATOR
Honeywell Top Fill Cool Moisture Humidifier,ACTUATOR
Honeywell RA890F1288 Protectorelay Flame Relay,ACTUATOR
Gikfun Mini Slide Switch,ACTUATOR
Gikfun Mini Toggle Switch,ACTUATOR
Watson-Marlow 520RE Tube Pump,ACTUATOR
Google Nest Audio,ACTUATOR
Watson-Marlow 400 Series Peristaltic Pump,ACTUATOR
Watlow FIREROD® Immersion Heater,ACTUATOR
Google Nest Protect,ACTUATOR
Google Nest WiFi Router,ACTUATOR
Goulds Water Technology Shallow Well Jet Pump,ACTUATOR
Goulds Water Technology Turbine Pump,ACTUATOR
Graco Husky 1040 Air-Operated Diaphragm Pump,ACTUATOR
Graco Husky 1050 Diaphragm Pump,ACTUATOR
Graco Husky Air-Operated Double Diaphragm Pump,ACTUATOR
Grainger Solenoids,ACTUATOR
Waspmote,ACTUATOR
Warren Electric Corporation Duct Heater,ACTUATOR
Walfront Micro Switches,ACTUATOR
WOpet SmartFeeder Automatic Pet Feeder,ACTUATOR
WATTCO™ Flanged Tubular Heaters,ACTUATOR
Waveshare 2.13 Inch E-Ink Display HAT,ACTUATOR
Vulcan Electric Company Process Heater,ACTUATOR
Genie QuietLift Connect,ACTUATOR
Geeplus Latching Solenoids,ACTUATOR
GE Profile Smart Refrigerator,ACTUATOR
GR/G linear actuator,ACTUATOR
Xiaomi Smartmi Ultrasonic Humidifier 2,ACTUATOR
Xiaomi Smartmi Standing Fan,ACTUATOR
Xiaomi Smart Kettle,ACTUATOR
Xiaomi Mi Air Purifier 2S,ACTUATOR
XYZrobot Bolide,ACTUATOR
X-Sense SD10 Smoke Detector and Fire Alarm,ACTUATOR
Wilden PX200 Advanced™ FIT Pumps,ACTUATOR
Whirlpool Smart Oven,ACTUATOR
Whirlpool Smart French Door,ACTUATOR
Westlink 6L Automatic Pet Feeder,ACTUATOR
Wemo Wi-Fi Smart Light Switch,ACTUATOR
Wemo Mini Smart Plug,ACTUATOR
Welch® CRVpro 8 Direct Drive Rotary Vane Vacuum Pump,ACTUATOR
WeMo 3-Way Smart Light Switch,ACTUATOR
Garmin Venu 2,ACTUATOR
Gast DOA-P704-AA Vacuum Pump,ACTUATOR
Gate Labs All-in-One Smart Lock,ACTUATOR
Gemu 687 HPW Diaphragm Valve,ACTUATOR
GreenIQ Smart Garden Hub,ACTUATOR
Von Duprin 6111 Electric Strike,ACTUATOR
Vizio M-Series Quantum 4K TV,ACTUATOR
Haydon Kerk Pittman DT series brushless DC motor,ACTUATOR
HiLetgo Hall Effect Magnetic Sensor Switches,ACTUATOR
Uxcell's ring-shaped electromagnet,ACTUATOR
Hisense Smart Refrigerator,ACTUATOR
Hisense U7G 4K TV,ACTUATOR
Hive Active Light Dimmable Smart Bulbs,ACTUATOR
Uxcell Magnetic Reed Switches,ACTUATOR
Hiwin KK linear ball screw actuator,ACTUATOR
Hiwin QH linear guideway actuator,ACTUATOR
Holy Stone HS100D,ACTUATOR
Holy Stone HS720E,ACTUATOR
HomePod Mini,ACTUATOR
Honeywell 70 Pint Dehumidifier,ACTUATOR
Uxcell 3 Position Rotary Switch,ACTUATOR
Ultrasonic Module Distance Sensor,ACTUATOR
Ultraloq U-Bolt Pro,ACTUATOR
Honeywell Home Smart Air Purifier,ACTUATOR
Honeywell Home Smart Light Switch,ACTUATOR
Ultimate Ears Blast,ACTUATOR
Haydon Kerk IDEA linear actuator,ACTUATOR
Hathaspace Smart True HEPA Air Purifier,ACTUATOR
Harman Kardon Citation 300,ACTUATOR
Hamilton Beach Smart Kettle,ACTUATOR
Vivint system,ACTUATOR
Visionis FPC-5197 One Door Access Control,ACTUATOR
Grove OLED Display 1.12,ACTUATOR
Growlink Smart Garden System,ACTUATOR
Grundfos MAGNA1 Centrifugal Pump,ACTUATOR
Grundfos MAGNA3 Circulator Pump,ACTUATOR
Guardian Electric A420-066951-00 solenoid,ACTUATOR
Visaton Full Range Speakers,ACTUATOR
Viking Universal Seal Series Positive Displacement Pump,ACTUATOR
Honeywell Smart Home Security System,ACTUATOR
Viking Pump Universal Mag Drive Internal Gear Pump,ACTUATOR
VegeBox Smart LED Hydroponics Growing System,ACTUATOR
HES 9600 Series Electric Strike,ACTUATOR
VegTrug Smart Garden,ACTUATOR
HZFJ 12V 24V Open Frame Solenoid Electromagnet,ACTUATOR
Haier Smart Refrigerator,ACTUATOR
Haight Pumps Series 500 Internal Gear Pump,ACTUATOR
Haiku Smart Ceiling Fan,ACTUATOR
Halo Smart Smoke Detector,ACTUATOR
Hamilton Beach Smart Coffee Maker,ACTUATOR
Velan Securaseal™ Metal Seated Ball Valve,ACTUATOR
Lifx LED smart bulbs,ACTUATOR
Syma X5UW-D,ACTUATOR
Lin Engineering G3718V series stepper motor,ACTUATOR
PUI Audio Micro Speakers,ACTUATOR
PUI Audio Piezo Speakers,ACTUATOR
Panasonic PA-N Relay,ACTUATOR
Parker Electromechanical HLE linear actuator,ACTUATOR
Parker Hannifin PS1-E16 Series Solenoid Valve,ACTUATOR
Parker Hannifin V Series Vane Pump,ACTUATOR
Parker Skinner™ 2-Way Spool Valve,ACTUATOR
Parrot AR.Drone 2.0,ACTUATOR
Parrot Anafi,ACTUATOR
Parrot Bebop 2,ACTUATOR
Parrot Pot - Smart Flowerpot,ACTUATOR
yueton Pack of 10 2 Pins On/Off Key Switch,ACTUATOR
Peerless by Tymphany Full Range Speakers,ACTUATOR
Pemko 300 Series Electric Strike,ACTUATOR
PetSafe Smart Feed Automatic Dog and Cat Feeder,ACTUATOR
Petnet SmartFeeder,ACTUATOR
Phanteks SK PWM D-RGB 120,ACTUATOR
Samsung SmartThings Wifi Smart Plug,ACTUATOR
Philips Air Purifier Series 2000i,ACTUATOR
Sandpiper® Signature Series Heavy Duty Ball Valve Diaphragm Pumps,ACTUATOR
Philips Hue A19 Starter Kit,ACTUATOR
Sanyo Denki 9G1212H1011,ACTUATOR
Satechi Dual Smart Outlet,ACTUATOR
Scotts Gro Smart Watering Kit,ACTUATOR
OXO BREW 9 Cup Coffee Maker,ACTUATOR
Omega Engineering Polyimide Flexible Heater,ACTUATOR
Schneider Electric RXG21BD Relay,ACTUATOR
Schlage Encode Smart WiFi Deadbolt,ACTUATOR
Schlage 789 Electric Strike,ACTUATOR
Omron G5Q-14-DC12 Power Relay,ACTUATOR
Omron G5RL Power PCB Relay,ACTUATOR
Orbi Pro WiFi 6 Mesh System,ACTUATOR
Orbit B-Hyve Smart Hose Faucet Timer,ACTUATOR
Orbit B-hyve Smart Hose Faucet Timer,ACTUATOR
Orbit B-hyve Smart Indoor Irrigation Controller,ACTUATOR
Osram Lightify LED smart bulbs,ACTUATOR
Ottolock Cinch Lock,ACTUATOR
Sceptre C248B-144R Gaming Monitor,ACTUATOR
Ozeri 3x Tower Fan,ACTUATOR
PAWISE Automatic Pet Feeder,ACTUATOR
PC,ACTUATOR
Scan-Speak full range speakers,ACTUATOR
Sanyo Denki 9GA0912P1G001,ACTUATOR
Philips Hue LED light bulbs,ACTUATOR
Philips Hue Lightstrip Plus LED strip lights,ACTUATOR
Samsung Smart Oven,ACTUATOR
RainMachine Pro-16 WiFi Irrigation Controller,ACTUATOR
Raspberry Pi 7 Touchscreen Display,ACTUATOR
Red Valve Series 75 Pinch Valve,ACTUATOR
Redmond SkyKettle Smart Kettle,ACTUATOR
Robo-Soul 6 DOF Robotic Arm,ACTUATOR
Roborock S6 Robot Vacuum and Mop,ACTUATOR
Robot Arm,ACTUATOR
Robotis Dynamixel X-series smart actuators,ACTUATOR
Roost Smart Battery 2nd Generation,ACTUATOR
Rosvola Mini Electromagnet,ACTUATOR
SOMMER Direct Drive 1042V004,ACTUATOR
SM series linear actuator,ACTUATOR
SDC 45 Electric Strike,ACTUATOR
SEAS Full Range Speakers,ACTUATOR
SECO-LARM E-941SA-80Q Electromagnetic Door Holder,ACTUATOR
SKF CASM-100-1 linear actuator,ACTUATOR
SKF CASM-100-1 actuator,ACTUATOR
SIMO series linear actuator,ACTUATOR
SHURflo Industrial Series Diaphragm Pump,ACTUATOR
Rachio 3 Smart Sprinkler Controller,ACTUATOR
RS Components Solenoids,ACTUATOR
RCI 0162-630 Electric Strike,ACTUATOR
RBE Electric SD-100-24 solenoid,ACTUATOR
Philips Hue White and Color Ambiance LED Bulb,ACTUATOR
Philips OLED805 4K TV,ACTUATOR
Phoenix Contact PLC-RSC-24DC/21 Relay,ACTUATOR
Samsung Refrigerator,ACTUATOR
Samsung QN90A Neo QLED TV,ACTUATOR
Pimoroni HyperPixel 4.0,ACTUATOR
Planar LookThru OLED Transparent Display,ACTUATOR
Samsung Powerbot R7040 Robot Vacuum,ACTUATOR
Samsung Family Hub,ACTUATOR
OPOLAR 10000mAh fan,ACTUATOR
Portescap 22ECP series brushless DC motor,ACTUATOR
Pure Enrichment MistAire Silver Ultrasonic Cool Mist Humidifier,ACTUATOR
QLOUNI 2.54mm Pitch DIP Switch,ACTUATOR
Samsung 110 MicroLED Display,ACTUATOR
QMark Electric Convection Heater,ACTUATOR
QR code reader,ACTUATOR
SainSmart 6-Axis Servo Control Robot Arm,ACTUATOR
Qpets AF 200 Pet Feeder with Digital Timer,ACTUATOR
SainSmart 6-Axis Desktop Robotic Arm,ACTUATOR
SainSmart 4-Axis Robot Arm,ACTUATOR
Progressive Automations PA-14 mini linear actuator,ACTUATOR
OMF Series fan,ACTUATOR
Norgren Float Valves,ACTUATOR
Scout Alarm System,ACTUATOR
MCM Audio Select Speakers,ACTUATOR
Stagg EKG+ Smart Kettle,ACTUATOR
MIDEA Dehumidifier,ACTUATOR
SparkFun Micro OLED Breakout,ACTUATOR
Soundlab Ultra-Thin Speakers,ACTUATOR
Sony SRS-XB402M,ACTUATOR
Sony Bravia XR A90J OLED TV,ACTUATOR
Sonos One,ACTUATOR
Song Chuan 303-1AH-C-R1-U01-12VDC Relay,ACTUATOR
Smeg KLF04 Smart Kettle,ACTUATOR
Smeg DCF02 Smart Coffee Maker,ACTUATOR
Smarter iKettle 3.0,ACTUATOR
Smarter Coffee 2nd Generation,ACTUATOR
SmartWatch,ACTUATOR
Smart Load Washer,ACTUATOR
Smart Dehumidifier,ACTUATOR
MWS 12VDC C-Frame Solenoid Electromagnets,ACTUATOR
Macron Dynamics PLG50 linear actuator,ACTUATOR
MagLab Inc. high-temperature electromagnet,ACTUATOR
SunFounder 10.1 IPS Display ,ACTUATOR
SunFounder Rollarm,ACTUATOR
Sunon EE40101S1-000U-999,ACTUATOR
Sunon KD1208PTB1-6A,ACTUATOR
Lin Engineering R208 and R210 actuators,ACTUATOR
Linear Pro Access Smart Garage Door Opener,ACTUATOR
Linksys EA9500,ACTUATOR
Little Giant Galvanized Steel Chow Hound Dog Feeder,ACTUATOR
LittleBits,ACTUATOR
Lock8 Smart Bike Lock,ACTUATOR
Lockly Secure Pro,ACTUATOR
Lockwood 3572 Electric Strike,ACTUATOR
Sylvania Smart+ LED Strip Lights,ACTUATOR
Skyworth Q71 Series 4K TV,ACTUATOR
Looking Glass Factory Holographic Display,ACTUATOR
Lutron Caseta Wireless Smart Lighting Dimmer Switch,ACTUATOR
Lutron Caseta Wireless Smart Plug,ACTUATOR
Sylvania SMART+ LED light bulbs,ACTUATOR
Sylvania SMART+ LED flexible strip lights,ACTUATOR
Swagelok Stainless Steel Needle Valve,ACTUATOR
MAG-MATE GT0800R electromagnets,ACTUATOR
Swagelok 60 Series Ball Valve,ACTUATOR
Sure Petcare - SureFeed - Microchip Pet Feeder,ACTUATOR
Sunon SP101A-1123HBT.GN,ACTUATOR
Sylvania Smart+ A19 Full Color LED Bulb,ACTUATOR
GE Profile Smart Oven,ACTUATOR
MagnePull Rod Casing Magnetic Retriever,ACTUATOR
Markel Products Company Radiant Heaters,ACTUATOR
Nanoleaf Light Panels,ACTUATOR
Nanoleaf Shapes Hexagon Smart Light Panels,ACTUATOR
Nanotec PD4-E CANopen brushless DC motor,ACTUATOR
Nanotec PD6-C series stepper motor,ACTUATOR
Neato Robotics D7 Connected Robot Vacuum,ACTUATOR
Nespresso Expert Espresso Machine,ACTUATOR
Nest Secure Alarm System,ACTUATOR
Nest x Yale Smart Lock,ACTUATOR
Securitron M32BD Magnalock,ACTUATOR
Netgear Nighthawk X10 AD7200,ACTUATOR
Netro Smart 12-Zone WiFi Sprinkler Controller,ACTUATOR
Netro Smart Sprinkler Controller,ACTUATOR
Nexlux LED Strip Lights,ACTUATOR
Nextion 3.5 Display,ACTUATOR
Nidec Servo Corporation MAC series brushless motor,ACTUATOR
Nippon Pulse America Linear Solenoids,ACTUATOR
Noctua NF-A12x15 PWM,ACTUATOR
Noctua NH-D15S chromax.black,ACTUATOR
Noke U-Lock,ACTUATOR
Nanoleaf Canvas LED light panels,ACTUATOR
Nanoleaf Aurora LED light panels,ACTUATOR
Nanode,ACTUATOR
Servotronix SoftStep linear actuator,ACTUATOR
Master Lock Bluetooth Smart Padlock,ACTUATOR
SimpliSafe system,ACTUATOR
Siemens 3TX7112-1NC13 Power Relay,ACTUATOR
McIgIcM Rocker Switch,ACTUATOR
McNaughton-McKay Electric Company solenoid,ACTUATOR
MeArm Robot Arm,ACTUATOR
Shinano Kenshi PF/PFC series DC motor,ACTUATOR
Micropump Series GJ Gear Pump,ACTUATOR
Sharp Superheated Smart Oven,ACTUATOR
Skydrop Halo Smart Sprinkler System,ACTUATOR
Miele Smart Oven,ACTUATOR
Minka-Aire Smart Ceiling Fan,ACTUATOR
Miuzei 7 Inch IPS Display,ACTUATOR
Modern Forms Smart Fan,ACTUATOR
Moons' Industries America MT series hybrid stepper motor,ACTUATOR
Moyno 2000 Pump,ACTUATOR
Mr. Coffee Smart Coffee Maker,ACTUATOR
Sharks Cove,ACTUATOR
NMB Minebea 4710KL-04W-B56-E00,ACTUATOR
Shark IQ Robot Vacuum with Self-Empty Base,ACTUATOR
MikroTik RouterBOARD RB750Gr3,ACTUATOR
GE Profile Smart Front Load Washer,ACTUATOR
Honeywell Ceramic Heater,ACTUATOR
GE C by GE Sol Smart LED Table Lamp,ACTUATOR
Bose Home Speaker 500,ACTUATOR
Bray/McCannalok High Performance Butterfly Valve,ACTUATOR
Breville Smart Coffee Maker,ACTUATOR
Breville Smart Kettle,ACTUATOR
Brilliant Smart Home Control,ACTUATOR
BriskHeat Silicone Rubber Heating Blanket,ACTUATOR
gateway,ACTUATOR
Buehler Motor GR60x25 linear actuator,ACTUATOR
Bürkert Type 5404 Poppet Valve,ACTUATOR
C by GE Full Color Direct Connect LED Smart Bulbs,ACTUATOR
electromagnet,ACTUATOR
electrical actuator,ACTUATOR
CUI Audio Micro Speakers,ACTUATOR
Camden CX-ED1259L Electric Strike,ACTUATOR
Burkert Type 2868 Proportional Valve,ACTUATOR
Bosch 800 Series Smart Refrigerator,ACTUATOR
Boneco by Air-O-Swiss 7147 Ultrasonic Humidifier,ACTUATOR
hOmeLabs Energy Star Dehumidifier,ACTUATOR
Backer Marathon Strip Heater,ACTUATOR
BeagleBone,ACTUATOR
Behmor Connected Coffee Maker,ACTUATOR
Belimo Energy Valve,ACTUATOR
Belkin Wemo Insight Smart Plug,ACTUATOR
Bemonoc Electric Rotary Actuator Motor 12VDC Small Motor High Torque,ACTUATOR
Bicron Electronics solenoids,ACTUATOR
Big Ass Fans Haiku L Smart Ceiling Fan,ACTUATOR
GE Link LED bulbs,ACTUATOR
Blade Chroma,ACTUATOR
Blade Nano QX,ACTUATOR
hydraulic actuator,ACTUATOR
Blossom Smart Watering Controller,ACTUATOR
Blueair Blue Pure Fan and Air Purifier,ACTUATOR
heating element,ACTUATOR
electric lifting magnets,ACTUATOR
BRK Brands Hardwired Smoke Detector with 10-Year Battery Backup,ACTUATOR
Carlo Gavazzi RGC1A60A25KGU 3-Phase Relay,ACTUATOR
Chamberlain B970T WiFi Garage Door Opener,ACTUATOR
display screen,ACTUATOR
device,ACTUATOR
DFT Model SCV® Check Valve,ACTUATOR
cooling fan,ACTUATOR
controller,ACTUATOR
block,ACTUATOR
door opener,ACTUATOR
DIYmall DC 12V Timer Relay,ACTUATOR
DJI Inspire 2,ACTUATOR
DJI Matrice 100,ACTUATOR
DJI Matrice 600,ACTUATOR
DJI Mavic 2,ACTUATOR
DJI Mavic Air 2,ACTUATOR
DJI Mini 2,ACTUATOR
DJI Inspire 1,ACTUATOR
drone,ACTUATOR
DB Electrical SO-Bo-1528 12VDC Tubular Solenoid Electromagnet,ACTUATOR
DAGU Mr. Roboto,ACTUATOR
ebm-papst W2S130-AA03-01,ACTUATOR
Chromalox MTO Series Circulation Heater,ACTUATOR
Cole-Parmer Masterflex L/S Digital Modular Drive Pump,ACTUATOR
ebm-papst R2E190-AO26-37,ACTUATOR
Coway Airmega 200M Smart Air Purifier,ACTUATOR
Cozytek Infrared Heating Panel,ACTUATOR
Crane Smart Ultrasonic Humidifier,ACTUATOR
Cree Connected LED bulbs,ACTUATOR
Crossfire Solenoid Valve,ACTUATOR
Crydom D06D100 Solid State Relay,ACTUATOR
Cytron Robotic Arm,ACTUATOR
D-Link DIR-882,ACTUATOR
ebm-papst A2E200-AF02-01,ACTUATOR
D-Link mydlink Wi-Fi Smoke Detector,ACTUATOR
D-Shaped Electromagnet,ACTUATOR
Cat Pumps Piston Pump,ACTUATOR
iHome iSP8 Smart Plug,ACTUATOR
iKettle Wi-Fi Kettle,ACTUATOR
iPad,ACTUATOR
Abode Essentials Starter Kit,ACTUATOR
Abus Bordo Smart 6000A Bike Lock,ACTUATOR
Adafruit 0.5 Mini AMOLED Display,ACTUATOR
Adafruit 1.8 TFT LCD display,ACTUATOR
Adafruit 16mm Illuminated Pushbutton,ACTUATOR
Adafruit 2.8 TFT Touchscreen,ACTUATOR
switch,ACTUATOR
speaker,ACTUATOR
Adafruit Crickit HAT,ACTUATOR
solenoid,ACTUATOR
smart tv,ACTUATOR
servo motor,ACTUATOR
Adafruit Mini Metal Speaker,ACTUATOR
Adafruit NeoPixel LED Strip,ACTUATOR
solenoid electromagnet,ACTUATOR
ASUS RT-AX88U,ACTUATOR
ASSA ABLOY 310 Electric Strike,ACTUATOR
ASI Technologies Linear Solenoids,ACTUATOR
3DR Solo,ACTUATOR
4D Systems 4.3 LCD Display,ACTUATOR
A3144E Hall Effect Sensor Switch,ACTUATOR
ABB CM-MSE.12S Solid State Relay,ACTUATOR
valve,ACTUATOR
uxcell Open Frame Linear Motion Solenoid Electromagnet,ACTUATOR
uxcell LJ12A3-4-Z/BY inductive proximity sensor switch,ACTUATOR
unlock,ACTUATOR
uArm Swift Pro,ACTUATOR
ADT system,ACTUATOR
thermal actuator,ACTUATOR
ARCTIC Breeze Mobile,ACTUATOR
ARO® EXP Series Diaphragm Pumps,ACTUATOR
ARO® Ingersoll Rand 1 Pro Series Diaphragm Pump',ACTUATOR
tablet,ACTUATOR
Adafruit Push-Pull Solenoids,ACTUATOR
robotic arm,ACTUATOR
relay actuator,ACTUATOR
relay,ACTUATOR
Applied Motion Products STR series stepper motor,ACTUATOR
lock/unlock,ACTUATOR
lock and unlock,ACTUATOR
lock,ACTUATOR
Armstrong International 1811 Pressure Reducing Valve,ACTUATOR
Artec Robotic Arm,ACTUATOR
Asus ROG Swift PG32UQX Mini LED Gaming Monitor,ACTUATOR
linear actuator,ACTUATOR
August Smart Lock Pro,ACTUATOR
lightswitch,ACTUATOR
B&C Speakers,ACTUATOR
BEA 10RD433 Electric Strike,ACTUATOR
BEI Kimco Voice Coil Actuator,ACTUATOR
iRobot Roomba i7+ Robot Vacuum,ACTUATOR
iPhone,ACTUATOR
magnetic actuator,ACTUATOR
DJI Phantom 3,ACTUATOR
Appkettle Smart Kettle,ACTUATOR
microcontroller,ACTUATOR
pump,ACTUATOR
Adafruit Tactile Switch Buttons,ACTUATOR
pneumatic actuator,ACTUATOR
Adams Rite 7400 Series Electric Strike,ACTUATOR
AduroSmart ERIA Smart Smoke Detector,ACTUATOR
Alarm Lock 3105 Electric Strike,ACTUATOR
Alen BreatheSmart Classic Large Room Air Purifier,ACTUATOR
Alert Pro 10 Year Battery Smoke Detector Fire Alarm,ACTUATOR
notebook,ACTUATOR
motor,ACTUATOR
Amazon Echo (4th Gen),ACTUATOR
Amazon Smart Plug,ACTUATOR
mobile phone,ACTUATOR
Amico 25N DC 12V Push Type Open Frame Solenoid Electromagnet,ACTUATOR
Amico limit switches,ACTUATOR
Anaheim Automation HMI series integrated stepper motor,ACTUATOR
DJI Phantom 4,ACTUATOR
Black+Decker Smart Coffee Maker,ACTUATOR
Flower Power by Parrot,ACTUATOR
Ecovacs Deebot Ozmo T8 AIVI,ACTUATOR
actuator,ACTUATOR
Fujitsu FTR-B3GA012Z-B10 Power Relay,ACTUATOR
Yuneec Breeze,ACTUATOR
Yuneec Typhoon H Pro,ACTUATOR
Finder 40.52.9.024.0000 Industrial Relay,ACTUATOR
Fossil Gen 5E Smartwatch,ACTUATOR
Frontpoint Home Security System,ACTUATOR
Durex Industries Mica Band Heater,ACTUATOR
Frigidaire FGAC7044U1 70 Pint Dehumidifier,ACTUATOR
Eve Aqua Smart Water Controller,ACTUATOR
Edwards nXDS Dry Scroll Pump,ACTUATOR
Delta Electronics AFB0912SH,ACTUATOR
Elechomes UC5501 Ultrasonic Humidifier,ACTUATOR
Delta Electronics BreezSlim SLM0808HBG,ACTUATOR
Eminence speakers,ACTUATOR
Eero Pro 6,ACTUATOR
Delta Electronics TFB0812UHE-SP01,ACTUATOR
Delta-Therm FlexHeat Heating Tape,ACTUATOR
Folger Adam 310-2 Electric Strike,ACTUATOR
ELEGOO UNO R3 4DOF Robotic Arm Kit,ACTUATOR
Dr. Infrared Heater,ACTUATOR
ELEGOO 12-in-1 Tactile Push Button Switch,ACTUATOR
Dortronics 4300 Electric Strike,ACTUATOR
Dormeyer Solenoids,ACTUATOR
E-outstanding 1PC DC 3V 2.2LB/1KG 10mm 10N bistable electromagnet,ACTUATOR
Flowserve Valtek Valdisk™ Control Valve,ACTUATOR
Farris 3800L Series Flanged Relief Valve,ACTUATOR
Dyson Pure Humidify+Cool,ACTUATOR
Dyson Pure Cool Tower Fan,ACTUATOR
Dobot Magician,ACTUATOR
Festo EGC-HD electric axis,ACTUATOR
Fostex full range speakers,ACTUATOR
Flowserve Valtek Mark One Globe Control Valve,ACTUATOR
GE ADEL50LR 50-Pint Dehumidifier,ACTUATOR
Yale Assure Lock SL,ACTUATOR
Fitbit Versa 3,ACTUATOR
Electrolux Smart Refrigerator,ACTUATOR
be quiet! Silent Wings 3 120mm PWM,ACTUATOR
Electrolux Smart Oven,ACTUATOR
Frigidaire Energy Star 50 Pint Dehumidifier,ACTUATOR
bObsweep PetHair Plus Robotic Vacuum Cleaner,ACTUATOR
Danalock V3 Smart Lock,ACTUATOR
Danfoss TES 2 Thermal Expansion Valve,ACTUATOR
Zacro Automatic Cat Feeder,ACTUATOR
Yeelight Smart LED Bulbs,ACTUATOR
Fujitsu FTR-K1AK Relay,ACTUATOR
Eaton D2PR5T1 Relay,ACTUATOR
Zoeller M53 Mighty-Mate Submersible Sump Pump,ACTUATOR
First Alert Onelink Safe & Sound Smart Smoke + Carbon Monoxide Alarm,ACTUATOR
Eve Light Switch,ACTUATOR
Fisher™ D4 Control Valve,ACTUATOR
Dynalock 3101B Electric Strike,ACTUATOR
Faulhaber BXT family brushless motors,ACTUATOR
arduino,ACTUATOR
Yamaha NS-AW150 speakers,ACTUATOR
Dayton Audio Full Range Speakers,ACTUATOR
Dayton 1HKL7,ACTUATOR
Fisher™ GX Control Valve,ACTUATOR
Eufy BoostIQ RoboVac 30C,ACTUATOR
Eufy Lumos Smart LED light bulbs,ACTUATOR
Yeelight LED bulbs,ACTUATOR
Dyson Pure Hot + Cool Air Purifier,ACTUATOR
Supermicro SuperServer,NETWORK_RESOURCE
SurgeMail,NETWORK_RESOURCE
IBM Power Systems servers with IBM i,NETWORK_RESOURCE
Microsoft Azure Web App,NETWORK_RESOURCE
Varnish Cache Proxy Server,NETWORK_RESOURCE
Yandex DNS,NETWORK_RESOURCE
F5 BIG-IP Load Balancer,NETWORK_RESOURCE
Lighttpd,NETWORK_RESOURCE
Limelight Networks CDN,NETWORK_RESOURCE
FreeNAS,NETWORK_RESOURCE
Microsoft Exchange Server,NETWORK_RESOURCE
Western Digital My Cloud,NETWORK_RESOURCE
Microsoft DNS Server,NETWORK_RESOURCE
Gunicorn,NETWORK_RESOURCE
Linux file server,NETWORK_RESOURCE
LiteSpeed Web Server with Proxy Module,NETWORK_RESOURCE
Zimbra Collaboration Suite,NETWORK_RESOURCE
hMailServer,NETWORK_RESOURCE
Verizon Media Platform CDN,NETWORK_RESOURCE
Fortinet FortiClient,NETWORK_RESOURCE
Fortinet FortiADC,NETWORK_RESOURCE
HAProxy Load Balancer and Proxy Server,NETWORK_RESOURCE
HAProxy,NETWORK_RESOURCE
H2O HTTP/2 Server with Proxy Module,NETWORK_RESOURCE
LiteSpeed Web Server,NETWORK_RESOURCE
BlueCat DNS,NETWORK_RESOURCE
Scalix,NETWORK_RESOURCE
StackPath CDN,NETWORK_RESOURCE
image,NETWORK_RESOURCE
SmarterMail,NETWORK_RESOURCE
Amazon CloudFront,NETWORK_RESOURCE
NetApp FAS (Fabric-Attached Storage),NETWORK_RESOURCE
Apache HTTP Server,NETWORK_RESOURCE
Secure64 DNS,NETWORK_RESOURCE
Amazon Elastic Load Balancer (ELB),NETWORK_RESOURCE
Amazon Route 53 DNS,NETWORK_RESOURCE
BIND (Berkeley Internet Name Domain),NETWORK_RESOURCE
Seagate Personal Cloud,NETWORK_RESOURCE
MailEnable,NETWORK_RESOURCE
Google Web Server (GWS),NETWORK_RESOURCE
Node.js (with appropriate HTTP server module),NETWORK_RESOURCE
Simple DNS Plus,NETWORK_RESOURCE
Amazon Web Services (AWS) Elastic Beanstalk,NETWORK_RESOURCE
Fastly CDN,NETWORK_RESOURCE
Axigen Mail Server,NETWORK_RESOURCE
MaxCDN (now StackPath),NETWORK_RESOURCE
Fastly Edge Cloud Platform,NETWORK_RESOURCE
Nginx Proxy Server,NETWORK_RESOURCE
IBM HTTP Server (IHS),NETWORK_RESOURCE
SonicWall Global VPN Client,NETWORK_RESOURCE
Barracuda Load Balancer ADC,NETWORK_RESOURCE
Google Cloud Load Balancer,NETWORK_RESOURCE
Envoy Proxy,NETWORK_RESOURCE
Squid Proxy Server,NETWORK_RESOURCE
repository,NETWORK_RESOURCE
Palo Alto Networks GlobalProtect,NETWORK_RESOURCE
Firebase Hosting,NETWORK_RESOURCE
GlassFish Server,NETWORK_RESOURCE
HP ProLiant ML Server Series,NETWORK_RESOURCE
Google App Engine,NETWORK_RESOURCE
Akamai CDN,NETWORK_RESOURCE
Akamai Fast DNS,NETWORK_RESOURCE
Microsoft Azure Load Balancer,NETWORK_RESOURCE
Google Cloud CDN,NETWORK_RESOURCE
Google Cloud DNS,NETWORK_RESOURCE
Alibaba Cloud CDN,NETWORK_RESOURCE
Microsoft Azure CDN,NETWORK_RESOURCE
Oracle SPARC Servers,NETWORK_RESOURCE
Oracle HTTP Server,NETWORK_RESOURCE
Oracle Dyn DNS,NETWORK_RESOURCE
Oracle Communications Messaging Server,NETWORK_RESOURCE
OpenVPN Access Server,NETWORK_RESOURCE
Apache HTTP Server with Proxy Module,NETWORK_RESOURCE
OpenShift by Red Hat,NETWORK_RESOURCE
OpenDNS,NETWORK_RESOURCE
HPE ProLiant DL380 Server,NETWORK_RESOURCE
PostgreSQL,NETWORK_RESOURCE
WildFly (formerly JBoss),NETWORK_RESOURCE
Dell EMC PowerVault,NETWORK_RESOURCE
Resin Server,NETWORK_RESOURCE
NGINX Plus,NETWORK_RESOURCE
Unbound DNS,NETWORK_RESOURCE
Array Networks APV Series,NETWORK_RESOURCE
Dell PowerEdge R Series Servers,NETWORK_RESOURCE
NAS (Network Attached Storage) devices,NETWORK_RESOURCE
JSON,NETWORK_RESOURCE
MySQL,NETWORK_RESOURCE
Jetty,NETWORK_RESOURCE
Radware LinkProof NG,NETWORK_RESOURCE
DigitalOcean App Platform,NETWORK_RESOURCE
Juniper Networks Pulse Secure,NETWORK_RESOURCE
Radware FastView,NETWORK_RESOURCE
Radware Alteon ADC,NETWORK_RESOURCE
F5 BIG-IP Proxy Server,NETWORK_RESOURCE
Rackspace CDN,NETWORK_RESOURCE
Tencent Cloud CDN,NETWORK_RESOURCE
Kemp Edge Security Pack (ESP),NETWORK_RESOURCE
Kemp LoadMaster,NETWORK_RESOURCE
Kerio Connect,NETWORK_RESOURCE
NGINX Plus Proxy Server,NETWORK_RESOURCE
VMware Zimbra,NETWORK_RESOURCE
SQLite,NETWORK_RESOURCE
data repository,NETWORK_RESOURCE
Exim Mail Server,NETWORK_RESOURCE
IBM Domino Server,NETWORK_RESOURCE
IBM Cloud CDN,NETWORK_RESOURCE
A10 Networks Thunder ADC,NETWORK_RESOURCE
Huawei FusionServer Pro,NETWORK_RESOURCE
video,NETWORK_RESOURCE
SMS,NETWORK_RESOURCE
IceWarp Mail Server,NETWORK_RESOURCE
GPS location,NETWORK_RESOURCE
Imperva CDN,NETWORK_RESOURCE
NS1 DNS,NETWORK_RESOURCE
Traefik Reverse Proxy and Load Balancer,NETWORK_RESOURCE
Incapsula CDN,NETWORK_RESOURCE
Infoblox DNS,NETWORK_RESOURCE
Tornado Server,NETWORK_RESOURCE
Tomcat Server (Apache Tomcat),NETWORK_RESOURCE
Fujitsu Primergy Servers,NETWORK_RESOURCE
UltraDNS,NETWORK_RESOURCE
Sendmail,NETWORK_RESOURCE
Tinyproxy,NETWORK_RESOURCE
data,NETWORK_RESOURCE
database,NETWORK_RESOURCE
Hiawatha Web Server,NETWORK_RESOURCE
KeyCDN,NETWORK_RESOURCE
Knot DNS,NETWORK_RESOURCE
CacheFly CDN,NETWORK_RESOURCE
QNAP Turbo NAS,NETWORK_RESOURCE
Google Workspace (formerly G Suite),NETWORK_RESOURCE
Pulse Secure Pulse Virtual Traffic Manager (formerly known as Brocade vTM),NETWORK_RESOURCE
Privoxy Proxy Server,NETWORK_RESOURCE
Apache Traffic Server,NETWORK_RESOURCE
PowerDNS,NETWORK_RESOURCE
CDN77,NETWORK_RESOURCE
Pound Reverse Proxy and Load Balancer,NETWORK_RESOURCE
Avi Networks Load Balancer,NETWORK_RESOURCE
Postfix Mail Server,NETWORK_RESOURCE
Polipo Proxy Server,NETWORK_RESOURCE
Microsoft Windows Server,NETWORK_RESOURCE
Microsoft SQL Server,NETWORK_RESOURCE
Synology DiskStation,NETWORK_RESOURCE
Microsoft Internet Security and Acceleration (ISA) Server,NETWORK_RESOURCE
BunnyCDN,NETWORK_RESOURCE
Abyss Web Server,NETWORK_RESOURCE
Lenovo ThinkSystem Servers,NETWORK_RESOURCE
Brocade ServerIron ADX,NETWORK_RESOURCE
Microsoft Internet Information Services (IIS),NETWORK_RESOURCE
Artica Proxy Server,NETWORK_RESOURCE
Caddy Server with Proxy Module,NETWORK_RESOURCE
Caddy Server,NETWORK_RESOURCE
API,NETWORK_RESOURCE
CommuniGate Pro,NETWORK_RESOURCE
Heroku,NETWORK_RESOURCE
Cloudflare Workers,NETWORK_RESOURCE
Cloudflare DNS,NETWORK_RESOURCE
Cloudflare CDN,NETWORK_RESOURCE
Citrix NetScaler Proxy Server,NETWORK_RESOURCE
MongoDB,NETWORK_RESOURCE
Citrix ADC (formerly NetScaler ADC),NETWORK_RESOURCE
Citadel,NETWORK_RESOURCE
Cisco Umbrella DNS,NETWORK_RESOURCE
XML,NETWORK_RESOURCE
Atmail,NETWORK_RESOURCE
Cisco UCS (Unified Computing System) Servers,NETWORK_RESOURCE
Cisco AnyConnect,NETWORK_RESOURCE
CherryPy,NETWORK_RESOURCE
Cherokee Web Server,NETWORK_RESOURCE
Check Point Endpoint Security VPN,NETWORK_RESOURCE
Quad9 DNS,NETWORK_RESOURCE
Cisco Application Control Engine (ACE),NETWORK_RESOURCE
Nginx,NETWORK_RESOURCE
mbedtls (Cryptographic library),ON_DEVICE_RESOURCE
Apache Mynewt,ON_DEVICE_RESOURCE
Android Things,ON_DEVICE_RESOURCE
Arduino Uno,ON_DEVICE_RESOURCE
Nest Thermostat,ON_DEVICE_RESOURCE
lwIP (Lightweight IP stack),ON_DEVICE_RESOURCE
Apple Siri,ON_DEVICE_RESOURCE
Apple HomePod,ON_DEVICE_RESOURCE
FreeRTOS,ON_DEVICE_RESOURCE
NodeMCU,ON_DEVICE_RESOURCE
the Built-in Applications,ON_DEVICE_RESOURCE
the Device Drivers,ON_DEVICE_RESOURCE
STMicroelectronics ST25TA,ON_DEVICE_RESOURCE
STMicroelectronics Microcontroller Driver,ON_DEVICE_RESOURCE
RFMicron Magnus,ON_DEVICE_RESOURCE
RIOT,ON_DEVICE_RESOURCE
the Firmware,ON_DEVICE_RESOURCE
the Operating Systems,ON_DEVICE_RESOURCE
AMS AS39513,ON_DEVICE_RESOURCE
STM32 Discovery,ON_DEVICE_RESOURCE
Raspberry Pi,ON_DEVICE_RESOURCE
the TAG Storage,ON_DEVICE_RESOURCE
Raspbian (Raspberry Pi OS),ON_DEVICE_RESOURCE
Realtek Audio Driver,ON_DEVICE_RESOURCE
Ring Video Doorbell,ON_DEVICE_RESOURCE
Fujitsu MB89R112,ON_DEVICE_RESOURCE
value,ON_DEVICE_RESOURCE
wireless,ON_DEVICE_RESOURCE
the System Libraries,ON_DEVICE_RESOURCE
text,ON_DEVICE_RESOURCE
Qualcomm Snapdragon Modem Driver,ON_DEVICE_RESOURCE
ARM mbed OS,ON_DEVICE_RESOURCE
Nordic Semiconductor Bluetooth Low Energy (BLE) Driver,ON_DEVICE_RESOURCE
Nordic nRF52,ON_DEVICE_RESOURCE
NuttX,ON_DEVICE_RESOURCE
Amazon Echo Show,ON_DEVICE_RESOURCE
OS,ON_DEVICE_RESOURCE
Amazon Alexa,ON_DEVICE_RESOURCE
OpenThread,ON_DEVICE_RESOURCE
Alien Higgs,ON_DEVICE_RESOURCE
Google Assistant,ON_DEVICE_RESOURCE
Particle Photon,ON_DEVICE_RESOURCE
Adafruit Feather,ON_DEVICE_RESOURCE
Philips Hue,ON_DEVICE_RESOURCE
Philips Hue Bridge,ON_DEVICE_RESOURCE
storage,ON_DEVICE_RESOURCE
Windows 10 IOT,ON_DEVICE_RESOURCE
Windows 10 IoT Core,ON_DEVICE_RESOURCE
Samsung Printer Driver,ON_DEVICE_RESOURCE
Wink Hub,ON_DEVICE_RESOURCE
Samsung Bixby,ON_DEVICE_RESOURCE
Google Nest Hub,ON_DEVICE_RESOURCE
NXP MIFARE Ultralight,ON_DEVICE_RESOURCE
Mbed Linux OS,ON_DEVICE_RESOURCE
Logitech Webcam Driver,ON_DEVICE_RESOURCE
Eclipse Wakaama (LWM2M library),ON_DEVICE_RESOURCE
Epson Scanner Driver,ON_DEVICE_RESOURCE
Intel Graphics Driver,ON_DEVICE_RESOURCE
Intel Galileo,ON_DEVICE_RESOURCE
TinyOS,ON_DEVICE_RESOURCE
information,ON_DEVICE_RESOURCE
Tizen for IoT,ON_DEVICE_RESOURCE
Bose SoundTouch,ON_DEVICE_RESOURCE
Infineon SLE66R35,ON_DEVICE_RESOURCE
libcoap (CoAP library),ON_DEVICE_RESOURCE
Impinj Monza,ON_DEVICE_RESOURCE
EmbedOS,ON_DEVICE_RESOURCE
libcurl (URL transfer library),ON_DEVICE_RESOURCE
libjson-c (JSON library),ON_DEVICE_RESOURCE
libmodbus (Modbus library),ON_DEVICE_RESOURCE
Sonos Wireless Speakers,ON_DEVICE_RESOURCE
Sony FeliCa,ON_DEVICE_RESOURCE
Ecobee Smart Thermostat,ON_DEVICE_RESOURCE
IoTivity,ON_DEVICE_RESOURCE
BeagleBone Black,ON_DEVICE_RESOURCE
Canon Camera Driver,ON_DEVICE_RESOURCE
Contiki,ON_DEVICE_RESOURCE
Contiki-NG (Networking stack),ON_DEVICE_RESOURCE
Zephyr Project,ON_DEVICE_RESOURCE
Cypress PSoC,ON_DEVICE_RESOURCE
MP3,ON_DEVICE_RESOURCE
libmosquitto (MQTT library),ON_DEVICE_RESOURCE
MP4,ON_DEVICE_RESOURCE
Cypress USB Driver,ON_DEVICE_RESOURCE
Texas Instruments Sensor Driver,ON_DEVICE_RESOURCE
Texas Instruments Tag-it,ON_DEVICE_RESOURCE
Lutron Caseta Wireless Smart Bridge,ON_DEVICE_RESOURCE
ThreadX,ON_DEVICE_RESOURCE
Logitech Harmony Hub,ON_DEVICE_RESOURCE
EM Microelectronic EM4325,ON_DEVICE_RESOURCE
Texas Instruments LaunchPad,ON_DEVICE_RESOURCE
libprotobuf-c (Protocol Buffers library),ON_DEVICE_RESOURCE
SmartThings Hub,ON_DEVICE_RESOURCE
libuv (Asynchronous I/O library),ON_DEVICE_RESOURCE
libssh (SSH library),ON_DEVICE_RESOURCE
Synaptics Touchpad Driver,ON_DEVICE_RESOURCE
Microsoft Xbox Controller Driver,ON_DEVICE_RESOURCE
Eclipse Kura,ON_DEVICE_RESOURCE
August Smart Lock,ON_DEVICE_RESOURCE
Atmel Wi-Fi Driver,ON_DEVICE_RESOURCE
USB,ON_DEVICE_RESOURCE
Atmel AVR,ON_DEVICE_RESOURCE
Atmel ATA5577,ON_DEVICE_RESOURCE
Mongoose OS,ON_DEVICE_RESOURCE
ESP8266,ON_DEVICE_RESOURCE
Murata Magicstrap,ON_DEVICE_RESOURCE
Yocto Project,ON_DEVICE_RESOURCE
NVIDIA GeForce Driver,ON_DEVICE_RESOURCE
file,ON_DEVICE_RESOURCE
Microchip Technology PIC16F59,ON_DEVICE_RESOURCE
Microsoft Cortana,ON_DEVICE_RESOURCE
Ubuntu Core,ON_DEVICE_RESOURCE
Maxim Integrated DS1971,ON_DEVICE_RESOURCE
Mbed,ON_DEVICE_RESOURCE
libzmq (ZeroMQ library),ON_DEVICE_RESOURCE
Silicon Labs Zigbee Driver,ON_DEVICE_RESOURCE
MediaTek GPS Driver,ON_DEVICE_RESOURCE
bluetooth,ON_DEVICE_RESOURCE
Broadcom Wireless Driver,ON_DEVICE_RESOURCE
Broadcom Bluetooth Driver,ON_DEVICE_RESOURCE
MicroPython,ON_DEVICE_RESOURCE
Microchip Ethernet Driver,ON_DEVICE_RESOURCE
Microchip PIC,ON_DEVICE_RESOURCE
WIFI,ON_DEVICE_RESOURCE
Silicon Labs Gecko,ON_DEVICE_RESOURCE
eufy Smart Scale C1,SENSOR
telemeter sensor,SENSOR
TEMT6000,SENSOR
TSL2561,SENSOR
VCNL4010,SENSOR
temperature sensor,SENSOR
Withings ScanWatch,SENSOR
Withings Body+ Smart Scale,SENSOR
SainSmart CCS811 Air Quality Sensor Breakout,SENSOR
TP-Link Kasa Smart Wi-Fi Motion Sensor,SENSOR
SainSmart pH Sensor Module Kit,SENSOR
TMP36,SENSOR
Sainsmart TCS230 TCS3200 color sensor,SENSOR
TMD2671 Ambient Light/Proximity Sensor,SENSOR
VEML6030,SENSOR
TSL2591,SENSOR
ST Microelectronics LSM9DS1 9-Axis Sensor Module,SENSOR
Taidacent Digital Sound Level Meter Sensor,SENSOR
SHT31-D Temperature and Humidity Sensor,SENSOR
SHT31-D Temperature and Humidity Sensor Module,SENSOR
US-100 Ultrasonic Sensor Module,SENSOR
SI1145,SENSOR
wind sensor,SENSOR
US-015 Ultrasonic Sensor Module,SENSOR
biometric sensor,SENSOR
YL-69 Soil Hygrometer Humidity Detection Module Moisture Sensor,SENSOR
YGC-CO2-20 sensor module,SENSOR
Ubidots CO2 Sensor,SENSOR
SPECTRO2 Color Sensor,SENSOR
cueing sensor,SENSOR
digital capacitive soil moisture sensor,SENSOR
SR-04T Waterproof Ultrasonic Sensor,SENSOR
ecobee SmartThermostat with Voice Control,SENSOR
SRF08 Ultrasonic Range Finder,SENSOR
TCS34725 RGB color sensor module,SENSOR
thermostat,SENSOR
distance sensors,SENSOR
STC-Color Sensor TSC3200-based color recognition module,SENSOR
SHT20 Soil Moisture Sensor,SENSOR
Thermopile sensor,SENSOR
accelerometer,SENSOR
The KX023 accelerometer sensor,SENSOR
Telaire T6713 CO2 Sensor,SENSOR
Telaire T6613 CO2 Sensor Module,SENSOR
Tanita BC554 Ironman Body Composition Monitor,SENSOR
STS21,SENSOR
STTS22H Magnetometer,SENSOR
Taidacent Infrared Temperature Sensor MLX90614ESF-BAA,SENSOR
TicWatch E3,SENSOR
TCS34725 RGB Sensor Module,SENSOR
Sensi Wi-Fi Smart Thermostat,SENSOR
Winsen MH-Z19B CO2 Sensor,SENSOR
motion sensors,SENSOR
image sensor,SENSOR
optical sensor,SENSOR
oxygen sensor,SENSOR
Sound Detection Sensor Module,SENSOR
Yunmai Premium Smart Scale,SENSOR
imaging sensor,SENSOR
SparkFun Flex Sensor 2.2,SENSOR
ZE25-O3 sensor,SENSOR
SparkFun Pressure Sensor Breakout - MS5803-14BA,SENSOR
pH Meter with Probe Kit,SENSOR
SparkFun Proximity Sensor Breakout,SENSOR
SparkFun RGB and Gesture Sensor - APDS-9960,SENSOR
SparkFun SoftPot Membrane Potentiometer 100mm,SENSOR
SparkFun Flex Sensor 4.5,SENSOR
Schneider Electric Wiser Air Wi-Fi Smart Thermostat,SENSOR
Scosche Rhythm+ Heart Rate Monitor Armband,SENSOR
laser sensor,SENSOR
Senseair Sunrise CO2 Sensor Module,SENSOR
Sharp GP2Y0A02YK0F IR Distance Sensor,SENSOR
Sharp GP2Y0A21YK0F Infrared Proximity Sensor,SENSOR
Sharp GP2Y0A60SZLF Analog Distance Sensor,SENSOR
Senba Sensing Technology Sound Sensor Module,SENSOR
Seeedstudio Sound Sensor v1.2,SENSOR
Seeedstudio Grove - Water Sensor,SENSOR
Wahoo TICKR Heart Rate Monitor,SENSOR
Seeedstudio Grove - RGB Color Sensor,SENSOR
Si7021 Temperature and Humidity Sensor,SENSOR
meter,SENSOR
light sensor,SENSOR
Water Level Sensor,SENSOR
SimpliSafe Entry Sensor,SENSOR
moisture sensor,SENSOR
SparkFun SoftPot Membrane Potentiometer 200mm,SENSOR
TCS3200D color sensor,SENSOR
SparkFun SoftPot Membrane Potentiometer 500mm,SENSOR
SparkFun Sound Detector,SENSOR
Sensirion SHTC3 sensor,SENSOR
Vernier pH Sensor,SENSOR
Samsung SmartThings Multipurpose Sensor,SENSOR
Vegetronix VH400 soil moisture sensor,SENSOR
gas sensors,SENSOR
flow sensor,SENSOR
smartwatch,SENSOR
speed sensor,SENSOR
VEML6075 UVA/B Sensor,SENSOR
fingerprint sensor,SENSOR
TCS230 TCS3200 Color Recognition Sensor,SENSOR
TCS3200 Color Sensor Module,SENSOR
Samsung Galaxy Watch4,SENSOR
Winsen MH-Z14A NDIR CO2 Sensor,SENSOR
Vee Gee Scientific Soil Moisture Meter,SENSOR
sensor,SENSOR
hyperspectral sensor,SENSOR
Suunto Smart Sensor Heart Rate Monitor,SENSOR
pH Probe Interface,SENSOR
pH Sensor Kit with BNC Connector,SENSOR
photoelectric sensor,SENSOR
SparkFun Triple Axis Magnetometer Breakout - MAG3110,SENSOR
Spectra Symbol Flex Sensor 2.2,SENSOR
Spectra Symbol Flex Sensor 4.5,SENSOR
pressure sensor,SENSOR
Spectra Symbol SoftPot Membrane Potentiometer 100mm,SENSOR
Spectra Symbol SoftPot Membrane Potentiometer 200mm,SENSOR
radiometer sensor,SENSOR
rain sensor,SENSOR
Spectra Symbol SoftPot Membrane Potentiometer 500mm,SENSOR
Spectra Symbol SoftPot Membrane Potentiometer 50mm,SENSOR
Vishay VCNL4010 proximity/light sensor,SENSOR
Vishay TCRT5000L Reflective Optical Sensor,SENSOR
SparkFun SoftPot Membrane Potentiometer 50mm,SENSOR
SHT20 Digital Temperature and Humidity Sensor,SENSOR
100Amp AC/DC Current Sensor Module,SENSOR
SGX Sensortech SGX-ICE IC Enhanced CO2 Sensor,SENSOR
Gravity: Analog Capacitive Soil Moisture Sensor - Corrosion Resistant -REV 2.0,SENSOR
Gravity: Analog RGB Sensor,SENSOR
Gravity: Analog pH Sensor/Meter Pro Kit,SENSOR
GreaterGoods WiFi Smart Body Composition Scale,SENSOR
Grove - I2C Color Sensor V2.0,SENSOR
Grove - ±5A DC/AC current sensor,SENSOR
Grove Infrared Temperature Sensor,SENSOR
Grove Moisture Sensor,SENSOR
Grove SCD30 sensor,SENSOR
Grove Sound Sensor,SENSOR
HC-SR04 Ultrasonic Sensor,SENSOR
HC-SR04 Ultrasonic Sensor Module,SENSOR
HC-SR05 Ultrasonic Sensor Module,SENSOR
HC-SR501 Human Sensor Module,SENSOR
HC-SR501 Infrared PIR Motion Sensor Module,SENSOR
HC-SR505 Mini Infrared PIR Motion Sensor,SENSOR
HDC1000,SENSOR
HDC1080 sensor,SENSOR
HIH4030 Humidity Sensor,SENSOR
Gravity Sound Level Meter,SENSOR
Gravity Soil Moisture Sensor,SENSOR
Gravity CO2 sensor,SENSOR
Gravity Analog pH Sensor / Meter Kit,SENSOR
GY-63 MS5611-01BA03 Barometric Pressure Sensor,SENSOR
GY-68 BMP180 Barometric Pressure Sensor,SENSOR
GY-801 BMP180 Pressure Sensor Module,SENSOR
GY-85 9DOF IMU Sensor Module with Gyroscope,SENSOR
GY-86 10DOF IMU Sensor Module with Gyroscope,SENSOR
GY-87 10DOF IMU Sensor Module,SENSOR
GY-906 IR thermometer module,SENSOR
GY-906 MLX90614ESF Infrared Temperature Sensor Module,SENSOR
GY-91 10DOF IMU Sensor Module,SENSOR
HMC5883L magnetometer sensor module,SENSOR
GY-9250 9DOF IMU Sensor Module,SENSOR
GY-BMP280-3.3 Pressure Sensor Module,SENSOR
GY-BMP280-3.3 pressure sensor,SENSOR
GY-BNO055 9-DOF IMU Sensor Module,SENSOR
GY-LSM6DS3 sensor module,SENSOR
Garmin HRM-Dual Heart Rate Monitor,SENSOR
Gikfun Soil Moisture Sensor,SENSOR
AS7341,SENSOR
Google Nest Detect,SENSOR
Google Nest Learning Thermostat,SENSOR
GY-952 Gyroscope Sensor Module,SENSOR
GY-521 MPU-6050 6DOF Gyroscope and Accelerometer Sensor Module,SENSOR
HTU21D Temperature and Humidity Sensor,SENSOR
Hall Effect Current Sensor Module ACS758LCB-050B,SENSOR
ALS-PT19,SENSOR
AK8975 3-Axis Magnetometer Sensor Module,SENSOR
Industrial pH Electrode Probe,SENSOR
Infrared Break Beam Sensor,SENSOR
Infrared Flame Detection Sensor Module,SENSOR
Infrared Obstacle Avoidance Tracking Sensor Module,SENSOR
Infrared Proximity Sensor Module,SENSOR
Infrared Reflective Object Sensor Module,SENSOR
Infrared Reflective Sensor Module,SENSOR
Infrared Transmitter Sensor Module,SENSOR
InvenSense ICS-43434 MEMS Microphone,SENSOR
ADXRS620 Gyroscope Sensor Module,SENSOR
J-type thermocouple,SENSOR
JSN-SR04T Waterproof Ultrasonic Sensor,SENSOR
JSN-SR04T-2.0 Waterproof Ultrasonic Sensor,SENSOR
JSN-SR04T2.0 Waterproof Ultrasonic Sensor,SENSOR
Johnson Controls GLAS Smart Thermostat,SENSOR
ADXL362 accelerometer sensor,SENSOR
K-33E CO2 sensor module,SENSOR
AM2302,SENSOR
ITG3205 3-axis gyroscope module,SENSOR
ITG-3200 Gyroscope Sensor Module,SENSOR
ISL29125,SENSOR
Hanwei Electronics MQ135 Air Quality Sensor,SENSOR
High Sensitivity Sound Microphone Sensor Module,SENSOR
Hive Heating and Cooling Smart Thermostat,SENSOR
Honeywell ABP Series pressure sensor,SENSOR
Honeywell HIH8120 Humidity and Temperature Sensor,SENSOR
Honeywell HMC5883L Triple Axis Magnetometer,SENSOR
Honeywell HPMA115S0-XXX Particle Sensor,SENSOR
Honeywell Home RTH9585WF1004 Wi-Fi Smart Color Thermostat,SENSOR
Honeywell Home T10 Pro Smart Thermostat,SENSOR
HY-SRF05 Ultrasonic Sensor Module,SENSOR
Honeywell Home T9 Smart Thermostat,SENSOR
Honeywell Home T9 WIFI Smart Thermostat,SENSOR
Huawei Watch GT 2 Pro,SENSOR
APDS-9960,SENSOR
AM2315 sensor,SENSOR
INA219 High-Side DC Current Sensor Module,SENSOR
IR Flame Sensor Module,SENSOR
IR Infrared Obstacle Avoidance Sensor Module,SENSOR
IR Line Tracking Sensor Module,SENSOR
IR Obstacle Avoidance Sensor Module,SENSOR
APDS-9960 sensor module,SENSOR
GY-521 MPU-6050 3-Axis Gyroscope Sensor Module,SENSOR
GY-521 MPU-6050,SENSOR
GY-31,SENSOR
BNO055 9-DOF IMU Sensor Module with Gyroscope,SENSOR
Bidirectional Current Sensor Module,SENSOR
Amazfit GTR 2e,SENSOR
Alphasense CO2-B4 Carbon Dioxide Sensor,SENSOR
Allegro ACS770 current sensor,SENSOR
Allegro ACS71020 Current Sensor,SENSOR
Bosch BCC100 Connected Control Smart Phone Wi-Fi Thermostat,SENSOR
Bosch BCC100 Connected Control Smart Thermostat,SENSOR
Bosch Connected Control Smart Thermostat,SENSOR
CCS811 sensor,SENSOR
CCS811B Digital Gas Sensor,SENSOR
CJMCU-758 Hall Current Sensor,SENSOR
Adafruit VL53L0X Time of Flight Distance Sensor,SENSOR
CO2Meter RAD-0301 CO2 Sensor,SENSOR
COZIR LP Low Power CO2 Sensor,SENSOR
Capacitive Soil Moisture Sensor v1.2,SENSOR
Chanzon TCS34725 Color Sensor,SENSOR
DFROBOT Analog Capacitive Soil Moisture Sensor,SENSOR
Adafruit TSL2591 High Dynamic Range Digital Light Sensor,SENSOR
BMP388 pressure sensor,SENSOR
BMP280 Digital Barometric Pressure Sensor Module,SENSOR
BMP280 Barometric Pressure Sensor,SENSOR
BMP180 Barometric Pressure Sensor,SENSOR
BH1745NUC,SENSOR
BH1750,SENSOR
BLC series pressure sensor,SENSOR
BM1422AGMV 3-axis magnetometer sensor module,SENSOR
BMA180 Accelerometer Sensor,SENSOR
BMA250 Digital 3-Axis Accelerometer Sensor,SENSOR
BMA255 accelerometer,SENSOR
BMA280 accelerometer,SENSOR
Arboleaf Smart Scale,SENSOR
DFROBOT Analog Sound Level Meter,SENSOR
Aqara Water Leak Sensor,SENSOR
Apple Watch Series 7,SENSOR
Analog pH Sensor/Meter Kit V1.1,SENSOR
Analog Sound Sensor,SENSOR
Amphenol SGX Sensortech MICS-6814 Air Quality Sensor,SENSOR
"BME280 Temperature, Humidity and Pressure Sensor",SENSOR
Amazon Echo Flex Smart Motion Sensor,SENSOR
BME280 sensor module,SENSOR
BMM150 3-Axis Magnetometer Sensor Module,SENSOR
BMP180,SENSOR
BME280,SENSOR
DFROBOT Gravity Analog pH Sensor,SENSOR
DFRobot Analog Flex Sensor,SENSOR
DFRobot Analog pH Sensor Meter Kit,SENSOR
Adafruit Electret Microphone Amplifier,SENSOR
Adafruit APDS9960 RGB and Gesture Sensor,SENSOR
Adafruit AMG8833 IR Thermal Camera Breakout,SENSOR
Adafruit ADJD-S371-QR999 Color Sensor,SENSOR
Ecobee SmartThermostat,SENSOR
AZDelivery Sound Sensor Module,SENSOR
Electret Microphone Amplifier MAX4466,SENSOR
Emerson Sensi Smart Thermostat,SENSOR
Emerson Sensi Touch Wi-Fi Smart Thermostat,SENSOR
Adafruit Flex Sensor 2.2,SENSOR
Eve Room Indoor Air Quality Monitor,SENSOR
Fitbit Aria Air Smart Scale,SENSOR
Freescale MPL3115A2 sensor,SENSOR
GA1A12S202,SENSOR
AS7341 11-Channel Spectral Sensor,SENSOR
GP2Y0E03 Optical Distance Sensor,SENSOR
GPS,SENSOR
GSS COZIR-W CO2 Sensor,SENSOR
GY-1145,SENSOR
GY-302,SENSOR
FC-28 Soil Moisture Sensor,SENSOR
K-type thermocouple,SENSOR
Adafruit Flex Sensor 4.5,SENSOR
Adafruit I2S MEMS Microphone Breakout,SENSOR
DFRobot Capacitive Soil Moisture Sensor,SENSOR
Adafruit TCS34725 Color Sensor,SENSOR
Adafruit SoftPot Membrane Potentiometer 50mm,SENSOR
Adafruit SoftPot Membrane Potentiometer 500mm,SENSOR
DFRobot Gravity Analog Capacitive Soil Moisture Sensor,SENSOR
DFRobot Gravity pH Sensor Kit,SENSOR
DFRobot Gravity: CO2 Sensor,SENSOR
DHT11,SENSOR
DHT11 sensor,SENSOR
DYP-ME007Y Ultrasonic Sensor,SENSOR
DHT22,SENSOR
Adafruit SoftPot Membrane Potentiometer 200mm,SENSOR
Adafruit SoftPot Membrane Potentiometer 100mm,SENSOR
Adafruit STEMMA Soil Sensor,SENSOR
Adafruit RGB Color Sensor with IR filter and White LED - TCS34725,SENSOR
DHT22 AM2302 sensor,SENSOR
DHT22 sensor,SENSOR
DS18B20,SENSOR
Adafruit LSM303D 6-DoF Accelerometer and Magnetometer Sensor,SENSOR
DYP-ME007 Ultrasonic Sensor Module,SENSOR
SHT15 sensor,SENSOR
KX022 - Digital 3-Axis Accelerometer Sensor,SENSOR
GY-MAX4466,SENSOR
ADXL345 sensor,SENSOR
MaxBotix MB1000 LV-MaxSonar-EZ1 Ultrasonic Sensor,SENSOR
MaxBotix MB7066 XL-MaxSonar-WRM Ultrasonic Sensor,SENSOR
Melexis MLX90614 Infrared Temperature Sensor,SENSOR
Microphone Sound Sensor Module,SENSOR
Microwave sensor,SENSOR
Mini Infrared PIR Motion Sensor Module,SENSOR
Murata Electronics AK9750 Human Detection IR Sensor,SENSOR
MyZone MZ-3 Physical Activity Belt,SENSOR
NTC thermistor,SENSOR
ADJD-S311-CR999 RGB Color Sensor,SENSOR
NXP MPL115A2 sensor,SENSOR
NXP MPX5010DP pressure sensor,SENSOR
ACS770 Current Sensor Module,SENSOR
KY-038,SENSOR
Nest Learning Thermostat,SENSOR
Nest Temperature Sensor,SENSOR
Netatmo Smart Thermostat,SENSOR
MaxBotix LV-MaxSonar-EZ4 Ultrasonic Sensor,SENSOR
Non-invasive AC Current Sensor SCT-013-030,SENSOR
MaxBotix HRXL-MaxSonar-WRMT Ultrasonic Sensor,SENSOR
Magnelab Split-Core AC Current Sensor,SENSOR
MQ-2 gas sensor module,SENSOR
MQ-3 Alcohol Sensor,SENSOR
MQ-3 alcohol gas sensor module,SENSOR
MQ-4 Methane Gas Sensor Module,SENSOR
MQ-5 LPG Gas Sensor Module,SENSOR
MQ-6 LPG/Butane Gas Sensor Module,SENSOR
MQ-7 Carbon Monoxide Gas Sensor Module,SENSOR
MQ-8 Hydrogen Gas Sensor Module,SENSOR
MQ-9 Carbon Monoxide Gas Sensor Module,SENSOR
MQ-9 Carbon Monoxide Sensor,SENSOR
MQ135 Air Quality Sensor Module,SENSOR
MQ136 Hydrogen Sulfide Gas Sensor Module,SENSOR
MQ137 Gas Sensor Module,SENSOR
MQ138 gas sensor module,SENSOR
MQ214 Methane Gas Sensor Module,SENSOR
MS5611-01BA03 barometric pressure sensor,SENSOR
MS5803-14BA Pressure Sensor,SENSOR
MaxBotix HRXL-MaxSonar-WR Ultrasonic Sensor,SENSOR
MQ-2 Smoke and Gas Sensor,SENSOR
Non-invasive AC Current Sensor Split-Core Transformer,SENSOR
OSEPP Flex Sensor,SENSOR
ACS709 current sensor module,SENSOR
QardioBase2 WiFi Smart Scale,SENSOR
RENPHO Bluetooth Body Fat Scale,SENSOR
Radio Thermostat CT50e Smart Thermostat,SENSOR
30A ACS712 Current Sensor Module,SENSOR
200A Split-Core AC Current Sensor SCT-2000/200,SENSOR
SCD41 CO2 and Temperature/Humidity Sensor Module,SENSOR
SCT-013-000 Non-invasive AC Current Sensor,SENSOR
SCT-016 Non-invasive AC Current Sensor,SENSOR
SCd30 CO2 and Temperature/Humidity Sensor Module,SENSOR
SEN0114 Analog Water Sensor,SENSOR
SEN0161 pH Sensor V2.0,SENSOR
SEN0177 Gravity Analog pH Sensor,SENSOR
SEN0193 Soil Moisture Sensor,SENSOR
SEN0225 Grove sensor,SENSOR
SEN0321 Capacitive Soil Moisture Sensor,SENSOR
SGP30 Air Quality Sensor Module,SENSOR
QMC5883L Magnetometer Sensor Module,SENSOR
OPT3001,SENSOR
QMC5883 magnetometer sensor module,SENSOR
ACS712 Current Sensor Module,SENSOR
OSEPP pH Sensor Module,SENSOR
ACS758 Current Sensor Module,SENSOR
Omron Body Composition Monitor and Scale,SENSOR
Omron E2E-X10ME1 proximity sensor,SENSOR
Oura Ring,SENSOR
PING))) Ultrasonic Sensor,SENSOR
PIR Motion Sensor Module,SENSOR
PMS5003 Particulate Matter Sensor Module,SENSOR
PT100,SENSOR
PT1000,SENSOR
PTC thermistor,SENSOR
Phidgets Voltage Input pH Sensor,SENSOR
Phidgets pH Sensor,SENSOR
Philips Hue Motion Sensor,SENSOR
ACS714 current sensor module,SENSOR
Polar H10 Heart Rate Sensor,SENSOR
Pololu Carrier with Sharp GP2Y0D815Z0F Digital Distance Sensor,SENSOR
ACS712 20A Range Current Sensor Module,SENSOR
MPXV7002DP pressure sensor,SENSOR
Atlas Scientific pH Kit,SENSOR
MPX5050DP pressure sensor,SENSOR
LIS3DH accelerometer sensor,SENSOR
LIS3DH Accelerometer Module,SENSOR
MAG3110 3-axis magnetometer sensor board,SENSOR
MAG3110 Magnetometer Sensor,SENSOR
MAG3110 Magnetometer Sensor Board,SENSOR
LIS3DE accelerometer sensor,SENSOR
LIS2DW12 Accelerometer,SENSOR
LIS2DHTR accelerometer sensor,SENSOR
MAG3110 Magnetometer Sensor Module,SENSOR
MAX31850K,SENSOR
MAX44009,SENSOR
LIS2DH12 sensor,SENSOR
LIS2DE12 accelerometer,SENSOR
LIFX Tile Motion Sensor,SENSOR
LIF sensor,SENSOR
LIS3MDL 3-Axis Magnetometer Sensor Board,SENSOR
MAX6675,SENSOR
LIS3MDL 3-Axis Magnetometer Sensor Module,SENSOR
Lux Kono Smart Thermostat,SENSOR
LV-EZ1 Ultrasonic Sensor,SENSOR
LSM9DS1 9DOF sensor,SENSOR
"LSM9DS1 9-DOF Magnetometer, Accelerometer, and Gyroscope Sensor Module",SENSOR
LSM9DS1 9-DOF IMU Sensor Module with Gyroscope,SENSOR
LSM9DS0 9-DOF IMU Sensor Module with Gyroscope,SENSOR
MPX5700AP pressure sensor,SENSOR
LSM303DLHC - 6DOF Accelerometer and Magnetometer,SENSOR
LSM303D sensor,SENSOR
LSM303D 3D Magnetometer and Accelerometer Sensor Module,SENSOR
LSM303D,SENSOR
LPS25HB Pressure Sensor,SENSOR
LPS22HB pressure sensor,SENSOR
Lux Geo Smart Thermostat,SENSOR
LM393,SENSOR
LM35,SENSOR
LM335,SENSOR
MAX9814,SENSOR
Lennox iComfort M30 Smart Thermostat,SENSOR
MLX90614ESF-BAA IR Temperature Sensor,SENSOR
L3GD20H 3-axis Gyroscope Module,SENSOR
L3GD20 3-Axis Gyroscope Sensor Module,SENSOR
MG811 Carbon Dioxide Sensor Module,SENSOR
Kuman pH Sensor,SENSOR
MPU-6050 6DOF sensor,SENSOR
MLX90614ESF-BAA infrared temperature sensor,SENSOR
L3GD20H gyroscope sensor module,SENSOR
MPU-6050 6DOF Gyroscope and Accelerometer Module,SENSOR
MPU-9250 Module,SENSOR
MPU-9250 sensor,SENSOR
MH-Z14A NDIR CO2 Sensor,SENSOR
MMA8452Q sensor,SENSOR
LDR,SENSOR
MG811 Carbon Dioxide Gas Sensor Module,SENSOR
MPU-6050 6DOF Gyroscope and Accelerometer Sensor Module,SENSOR
MPX10DP Pressure Sensors,SENSOR
Keyestudio Infrared Remote Control Sensor Module,SENSOR
ADXL345 Digital Accelerometer Module,SENSOR
MCP9808,SENSOR
MPX2010DP Pressure Sensor,SENSOR
MB1020 LV-MaxSonar-EZ Ultrasonic Sensor,SENSOR
MLX90614,SENSOR
Kuman TCS230 TCS3200 Color Sensor Module,SENSOR
MMA8452Q Digital Triaxial Accelerometer,SENSOR
MPX4250AP pressure sensor,SENSOR
MH-Z19 Infrared CO2 Sensor,SENSOR
MAXBOTIX HRLV-MaxSonar-EZ Ultrasonic Sensor,SENSOR
perpare,SERVICE
Adjust,SERVICE
vacuum,SERVICE
picks,SERVICE
placed,SERVICE
pours,SERVICE
pop up,SERVICE
picks up,SERVICE
pick up,SERVICE
vaccums,SERVICE
locks,SERVICE
preheat,SERVICE
track,SERVICE
raise,SERVICE
linked,SERVICE
puts,SERVICE
put out,SERVICE
put,SERVICE
list,SERVICE
listen,SERVICE
provide,SERVICE
locate,SERVICE
protect,SERVICE
project,SERVICE
produce,SERVICE
test,SERVICE
prevents,SERVICE
prevent,SERVICE
lists,SERVICE
prepeare,SERVICE
prepare,SERVICE
preheats,SERVICE
projected,SERVICE
press,SERVICE
optimized,SERVICE
paid,SERVICE
warm,SERVICE
monitored,SERVICE
warn,SERVICE
tilt,SERVICE
wash,SERVICE
monitor,SERVICE
washes,SERVICE
mix,SERVICE
watch,SERVICE
walk,SERVICE
wired,SERVICE
masks,SERVICE
manage,SERVICE
maintains,SERVICE
maintain,SERVICE
lock up,SERVICE
throw,SERVICE
lower,SERVICE
look,SERVICE
work,SERVICE
measures,SERVICE
wakes/turns on,SERVICE
wakes up,SERVICE
wake,SERVICE
organizes,SERVICE
verify,SERVICE
"organize, fill and arrange",SERVICE
log,SERVICE
operated,SERVICE
operate,SERVICE
opens and closes,SERVICE
opens,SERVICE
open and close,SERVICE
open,SERVICE
observe,SERVICE
notify,SERVICE
notifies,SERVICE
notes,SERVICE
needed,SERVICE
need,SERVICE
mow,SERVICE
temperature,SERVICE
move,SERVICE
view,SERVICE
monitors,SERVICE
pays,SERVICE
moves,SERVICE
tracks,SERVICE
react,SERVICE
turn off and on,SERVICE
sound,SERVICE
sort,SERVICE
soak,SERVICE
tell,SERVICE
turns off,SERVICE
silence,SERVICE
signals,SERVICE
signal,SERVICE
shutters,SERVICE
shuts off,SERVICE
shuts,SERVICE
shut off,SERVICE
shut down,SERVICE
shut,SERVICE
shows,SERVICE
show,SERVICE
shoots,SERVICE
shift,SERVICE
turns on,SERVICE
shake,SERVICE
set up,SERVICE
set,SERVICE
sent,SERVICE
understand,SERVICE
start,SERVICE
start up,SERVICE
starts,SERVICE
stay,SERVICE
link,SERVICE
talk,SERVICE
turn on,SERVICE
turn on and off,SERVICE
turn on/off,SERVICE
take,SERVICE
turned on,SERVICE
turned on and set,SERVICE
turn off/on,SERVICE
turning on,SERVICE
turns,SERVICE
synced,SERVICE
sensing,SERVICE
sync,SERVICE
switches,SERVICE
switch on,SERVICE
switch off,SERVICE
sweeps,SERVICE
surveillance,SERVICE
suggests,SERVICE
suggest,SERVICE
sucks up,SERVICE
straightens up,SERVICE
stove,SERVICE
store,SERVICE
stop,SERVICE
switches off,SERVICE
senses,SERVICE
sense and shut off,SERVICE
turn off,SERVICE
remote,SERVICE
remind,SERVICE
remembers,SERVICE
remember,SERVICE
remain,SERVICE
tunes,SERVICE
update,SERVICE
regulates,SERVICE
upload,SERVICE
regulate,SERVICE
refills,SERVICE
refilled,SERVICE
replenishes,SERVICE
refill,SERVICE
records,SERVICE
record,SERVICE
recommend,SERVICE
recognizes,SERVICE
tells,SERVICE
recognize,SERVICE
recieve,SERVICE
receive,SERVICE
realize,SERVICE
tracking,SERVICE
reads,SERVICE
read,SERVICE
recycling,SERVICE
raises,SERVICE
report,SERVICE
reprimand,SERVICE
sense and inform,SERVICE
sense,SERVICE
turn down,SERVICE
turn,SERVICE
send,SERVICE
self sprays,SERVICE
self regulate,SERVICE
see,SERVICE
secured,SERVICE
secure,SERVICE
"search, and download",SERVICE
screen,SERVICE
reports,SERVICE
scans,SERVICE
save,SERVICE
sanitized,SERVICE
sanitize,SERVICE
runs,SERVICE
run,SERVICE
rings,SERVICE
ring,SERVICE
return,SERVICE
restrict,SERVICE
responds,SERVICE
respond,SERVICE
resist,SERVICE
scan,SERVICE
sends,SERVICE
conserve,SERVICE
buzz,SERVICE
cleans,SERVICE
clean and sanitize,SERVICE
clean and refill,SERVICE
clean,SERVICE
choose,SERVICE
check,SERVICE
chase,SERVICE
charge,SERVICE
cleans up,SERVICE
changes,SERVICE
catalog,SERVICE
cast,SERVICE
capture,SERVICE
call,SERVICE
calculates,SERVICE
calculate,SERVICE
limit,SERVICE
bulbs,SERVICE
change,SERVICE
built,SERVICE
"cleans, dries and folds",SERVICE
closes,SERVICE
cover,SERVICE
counts,SERVICE
cools down,SERVICE
cool down,SERVICE
cool,SERVICE
cook,SERVICE
convert,SERVICE
controls,SERVICE
close,SERVICE
controlled,SERVICE
continue,SERVICE
contact,SERVICE
connects,SERVICE
connect,SERVICE
conditioning,SERVICE
communicates,SERVICE
collect,SERVICE
closes and locks,SERVICE
control,SERVICE
broadcast,SERVICE
brewed,SERVICE
brew,SERVICE
analyses,SERVICE
allows,SERVICE
allot,SERVICE
alerts,SERVICE
alert,SERVICE
alarm,SERVICE
advise,SERVICE
adjusts,SERVICE
analyze,SERVICE
adjusted,SERVICE
acts,SERVICE
activates,SERVICE
activated,SERVICE
activate,SERVICE
act,SERVICE
accepts,SERVICE
absorb,SERVICE
Switch on,SERVICE
adjust,SERVICE
analyze and recommend,SERVICE
appear,SERVICE
archive,SERVICE
break,SERVICE
block out,SERVICE
block off,SERVICE
blink,SERVICE
begins,SERVICE
begin,SERVICE
beeps,SERVICE
become,SERVICE
bases,SERVICE
barks,SERVICE
automates,SERVICE
automated,SERVICE
autoclean,SERVICE
attend,SERVICE
attached,SERVICE
assesses,SERVICE
assess,SERVICE
asks,SERVICE
arm,SERVICE
create,SERVICE
cut,SERVICE
zaps,SERVICE
cuts,SERVICE
hooks,SERVICE
hold,SERVICE
hide,SERVICE
help,SERVICE
heats up,SERVICE
heats,SERVICE
heated,SERVICE
identify,SERVICE
heat up,SERVICE
hear,SERVICE
light up,SERVICE
greet,SERVICE
Automated,SERVICE
grab,SERVICE
google,SERVICE
glows,SERVICE
heat,SERVICE
increase,SERVICE
indicate,SERVICE
inform,SERVICE
left,SERVICE
led,SERVICE
cut off,SERVICE
leave/enter,SERVICE
leave,SERVICE
learns and remembers,SERVICE
learns,SERVICE
learn,SERVICE
knows,SERVICE
know,SERVICE
kick,SERVICE
keeps,SERVICE
jerks,SERVICE
interface,SERVICE
interact,SERVICE
integrates,SERVICE
informs,SERVICE
give,SERVICE
gathers up,SERVICE
grant,SERVICE
flushes,SERVICE
gather,SERVICE
dryer,SERVICE
drives,SERVICE
drink,SERVICE
drains,SERVICE
displays,SERVICE
display,SERVICE
dispensed,SERVICE
dispense,SERVICE
disable,SERVICE
dim,SERVICE
determine,SERVICE
detects,SERVICE
detecting,SERVICE
detect,SERVICE
define,SERVICE
defaults,SERVICE
decrease,SERVICE
darken,SERVICE
eliminates,SERVICE
emit,SERVICE
light,SERVICE
find,SERVICE
features,SERVICE
flush,SERVICE
feed,SERVICE
fill,SERVICE
fills,SERVICE
filter,SERVICE
equipped with,SERVICE
fluctuates,SERVICE
Swann Security Camera System,SMART_CAMERA
Nest Hello,SMART_CAMERA
Netatmo Smart Video Doorbell,SMART_CAMERA
Netgear Arlo Q,SMART_CAMERA
Samsung Family Hub Refrigerator,SMART_CAMERA
Lorex 4K Nocturnal IP Camera,SMART_CAMERA
Logitech Circle 2,SMART_CAMERA
Wyze Cam Pan,SMART_CAMERA
LG InstaView ThinQ,SMART_CAMERA
Kangaroo Doorbell Camera,SMART_CAMERA
EZVIZ DB1 Wi-Fi Video Doorbell,SMART_CAMERA
Zmodo Greet Pro,SMART_CAMERA
Ring Video Doorbell 3 Plus,SMART_CAMERA
Ring Stick Up Cam Battery,SMART_CAMERA
RemoBell S,SMART_CAMERA
Google Nest Cam IQ Outdoor,SMART_CAMERA
TP-Link Kasa Spot KC100,SMART_CAMERA
Eufy Security Video Doorbell,SMART_CAMERA
August View Doorbell Camera,SMART_CAMERA
Arlo Pro 3,SMART_CAMERA
camera,SMART_CAMERA
D-Link Full HD Wi-Fi Camera,SMART_CAMERA
Arlo Video Doorbell,SMART_CAMERA
Blink Indoor Camera,SMART_CAMERA
Avery Dennison AD-383r6 RFID Tag,TAG
Omni-ID Flex 600 RFID Tag,TAG
AiRISTA Flow Wi-Fi Tags,TAG
Alien Technology ALN-9640 Squiggle RFID Tag,TAG
Alien Technology Squiggle NFC Tag,TAG
NXP MIFARE Classic RFID Tag,TAG
NXP MIFARE Classic 1K NFC Tag,TAG
NTAG 213 NFC Tag,TAG
Matica magnetic stripe cards,TAG
Magicard Magnetic Stripe Cards,TAG
Smart ID Dynamics Magnetic Stripe Cards,TAG
Smartrac Circus Tamper Loop RFID Tag,TAG
Solar Powered LoRa GPS Tracker,TAG
Sonitor Wi-Fi tags,TAG
Sony FeliCa RC-S380 NFC Tag,TAG
NBS Technologies Magnetic Stripe Cards,TAG
Piccolo ATMS GPS Tracker,TAG
AeroScout Wi-Fi Tags,TAG
Polarbeacon Ultrasonic Beacon Tag,TAG
SMARTRAC DogBone NFC Tag,TAG
Confidex Ironside UHF RFID tag,TAG
SRF-U-02 Ultrasonic Sensor Tag by Sonarax,TAG
Rfid,TAG
CenTrak Wi-Fi Tags,TAG
ReachFar Rf-v26 Solar Power Waterproof Gps Tracker,TAG
STMicroelectronics M24LR16E-R NFC Tag,TAG
Piccolo ATX GPS Tracker,TAG
RFID reader,TAG
RF Code Wi-Fi tags,TAG
RAK5010 NB-IoT Bluetooth & LTE-M Bluetooth Tracker,TAG
RACOON Ultrasonic Beacon Tag,TAG
QR code tags,TAG
QR code,TAG
Pozyx Ultrasonic Anchor Tag,TAG
Portable Tag BLE5.1 iBeacon,TAG
RFID,TAG
Spytec GPS GL300 GPS Tracker,TAG
M5Stack Ultrasonic Distance Tag,TAG
Bluetooth Tag,TAG
barcode tag,TAG
Gf07 Magnetic Mini Car GPS Tracker,TAG
barcode,TAG
tag,TAG
GAO RFID NFC Tag,TAG
Evolis Magnetic Stripe Cards,TAG
ZXP Series 7 magnetic stripe cards,TAG
Zebra Silverline RFID Tag,TAG
Zebra Wi-Fi tags,TAG
Zebra magnetic stripe card,TAG
Ekahau Wi-Fi Tags,TAG
Amcrest GPS Tracker,TAG
Datacard Magnetic Stripe Cards,TAG
Acconeer XM132 Ultrasonic Sensor Tag,TAG
Dialog Bluetooth 5.1 Beacon,TAG
HID Global magnetic stripe card,TAG
Ultrasonic Smart Tag by iTraq,TAG
Ultrack Ultrasonic Vehicle Tracker Tag,TAG
Ubisense Wi-Fi Tags,TAG
bluetooth tracker,TAG
bluetooth tag,TAG
LightWare SF23/B Ultrasonic Rangefinder Tag,TAG
LandAirSea 54 GPS Tracker,TAG
bluetooth beacon,TAG
Tageos EOS-400 RFID Tag,TAG
Bluetooth Low Energy Beacon,TAG
Super Mini Size Gps Tracker Gsm Agps Wifi Lbs Locator,TAG
Blueberry iMOTION Ultrasonic Positioning Tag,TAG
Invengo Inlays NFC Tag,TAG
Tracki GPS Tracker,TAG
Impinj Monza X-2K RFID Tag,TAG
Identiv NFC Tag,TAG
UPM Raflatac DogBone RFID Tag,TAG
IDP Magnetic Stripe Cards,TAG
IDENTEC SOLUTIONS Wi-Fi Tags,TAG
Texas Instruments Tag-it HF-I Plus NFC Tag,TAG
Decawave Wi-Fi tags,TAG
